insert into project (title, created_at, updated_at)
values ('Flowers of War, The (Jin líng shí san chai)', '2023-10-02 22:44:11', '2023-08-24 18:08:48'),
			 ('Oyster Farmer', '2023-04-30 22:18:50', '2023-01-04 06:19:29'),
			 ('Dust of Time, The', '2023-03-01 00:30:42', '2023-01-31 03:36:31'),
			 ('Shadow People', '2023-10-18 01:23:03', '2023-02-12 14:22:59'),
			 ('Absolute Aggression', '2023-06-26 07:10:08', '2023-03-23 11:14:09');

insert into dependency (id, title, created_at, updated_at)
values (201, 'Eden Lake', '2023-10-29 05:59:58', '2023-09-06 17:12:01'),
			 (202, 'Death Proof', '2023-08-01 14:35:17', '2023-01-22 11:56:52'),
			 (203, 'Control', '2023-07-27 07:23:42', '2023-04-12 04:44:41'),
			 (204, 'Fathers'' Day', '2023-04-27 10:11:59', '2023-02-11 18:47:28'),
			 (205, 'Camilla', '2023-05-16 10:23:15', '2023-04-19 04:04:48');

insert into versions (id, version_number, created_at, updated_at, dependency_id)
values (301, 'Skylab, Le', '2023-08-27 23:29:54', '2023-05-05 00:56:51', 202),
			 (302, 'Princess', '2023-02-04 11:31:41', '2022-12-24 02:43:23', 205),
			 (303, 'Love and Other Drugs', '2023-03-13 14:53:58', '2023-02-02 21:20:50', 203),
			 (304, 'Johnny Be Good', '2023-10-10 02:21:46', '2023-10-16 03:59:47', 201),
			 (305, 'Go for It', '2023-05-24 14:26:23', '2023-04-07 20:44:52', 203),
			 (306, 'Crazy, Stupid, Love.', '2023-09-19 03:55:58', '2023-01-07 17:33:53', 205),
			 (307, 'Goodbye Bafana (Color of Freedom, The)', '2023-10-24 23:19:09', '2022-11-30 22:51:57', 204),
			 (308, 'Bye Bye Birdie', '2023-02-16 11:16:22', '2023-08-18 03:46:29', 201),
			 (309, 'Jungo Goes Bananas: Jungo III', '2022-11-21 02:12:15', '2023-04-07 12:45:25', 205),
			 (310, 'Remember the Night', '2022-11-03 13:08:56', '2022-12-16 07:36:29', 202),
			 (311, 'Red Obession', '2022-12-27 08:18:16', '2023-09-06 11:12:01', 204),
			 (312, 'Abduction', '2023-06-10 11:53:59', '2023-04-24 03:40:38', 202),
			 (313, 'Heart of Me, The', '2023-01-19 21:36:00', '2022-11-02 14:46:27', 204),
			 (314, 'Cheerleaders, The', '2023-06-02 12:04:05', '2023-06-18 03:33:47', 204),
			 (315, 'Class of 92, The', '2023-05-30 13:14:48', '2023-08-15 16:05:34', 202);

insert into project_dependency (project_id, version_id)
values (101, 311),
			 (102, 313),
			 (101, 303),
			 (101, 314),
			 (104, 309),
			 (103, 305),
			 (104, 304),
			 (101, 312),
			 (101, 309),
			 (104, 314);
